{
  "means": {
    "x_mean": 0.001992118505206529,
    "x_std": 0.6504054610940019,
    "x_var": 0.4276715129991509,
    "x_skew": -0.20335151163345178,
    "x_kurt": 1.7017033670672674,
    "x_p2p": 2.048068745285946,
    "x_sma": 0.5848691952040345,
    "x_energy": 0.4289785016148545,
    "x_zcr": 0.008361550687582061,
    "y_mean": 0.00023707262755994922,
    "y_std": 0.33248125060288714,
    "y_var": 0.11173578819436422,
    "y_skew": -0.032311389829976334,
    "y_kurt": 2.1247622424783845,
    "y_p2p": 1.2902306881912087,
    "y_sma": 0.2847037861146198,
    "y_energy": 0.11234651077930984,
    "y_zcr": 0.015686545504802713,
    "z_mean": -0.00021530428327456302,
    "z_std": 0.2432222070433219,
    "z_var": 0.06070990414238006,
    "z_skew": -0.6806664702894206,
    "z_kurt": 2.948571913211048,
    "z_p2p": 1.0323423838973496,
    "z_sma": 0.19635756537041943,
    "z_energy": 0.06081445890158816,
    "z_zcr": 0.01471909335913206,
    "mag_mean": 0.7261667435148782,
    "mag_std": 0.2588595515099692,
    "mag_var": 0.0679415163074792,
    "mag_skew": 0.03812660570810171,
    "mag_kurt": 2.3169818687044725,
    "mag_p2p": 1.0654669402219148,
    "mag_sma": 0.7261667435148782,
    "mag_energy": 0.6021394712957525,
    "mag_zcr": 0.0,
    "y_dom_freq": 0.6827586206896552,
    "y_dom_power": 0.4390258556641833,
    "y_spec_centroid": 0.8206042367744751,
    "y_spec_entropy": 1.5916484058009785,
    "y_band05_1": 1511.146093943494,
    "y_band1_3": 142.65323768510504,
    "mag_dom_freq": 0.0,
    "mag_dom_power": 0.7504394007051584,
    "mag_spec_centroid": 0.1019521005566458,
    "mag_spec_entropy": 0.8170552402266374,
    "mag_band05_1": 475.304840728002,
    "mag_band1_3": 122.97412358155779
  },
  "stds": {
    "x_mean": 0.03609736942721501,
    "x_std": 0.06814872836854505,
    "x_var": 0.08109651116800252,
    "x_skew": 0.271469056049166,
    "x_kurt": 0.4198910247145894,
    "x_p2p": 0.1610915870634569,
    "x_sma": 0.07730630066382975,
    "x_energy": 0.08132592873675057,
    "x_zcr": 0.0015848724954985439,
    "y_mean": 0.024711664887556,
    "y_std": 0.034525442674995556,
    "y_var": 0.022368571586791192,
    "y_skew": 0.2908353935616163,
    "y_kurt": 0.44146195963289897,
    "y_p2p": 0.1378488616436935,
    "y_sma": 0.03613523564106345,
    "y_energy": 0.02235910162164274,
    "y_zcr": 0.0026870599260899147,
    "z_mean": 0.01022293515941983,
    "z_std": 0.03940637186237172,
    "z_var": 0.02016700848490363,
    "z_skew": 0.32551861147331684,
    "z_kurt": 0.7003478608335043,
    "z_p2p": 0.18180838786355177,
    "z_sma": 0.03149485929787462,
    "z_energy": 0.020186370947125963,
    "z_zcr": 0.0015139867528302564,
    "mag_mean": 0.08294465384381644,
    "mag_std": 0.0305491227294137,
    "mag_var": 0.017999960151165548,
    "mag_skew": 0.34931091400907,
    "mag_kurt": 0.2674737545217719,
    "mag_p2p": 0.11460317100502573,
    "mag_sma": 0.08294465384381644,
    "mag_energy": 0.09903482703088329,
    "mag_zcr": 0.0,
    "y_dom_freq": 0.17033226255487544,
    "y_dom_power": 0.09270470300097403,
    "y_spec_centroid": 0.12310420997281642,
    "y_spec_entropy": 0.20593146182759473,
    "y_band05_1": 668.79819584262,
    "y_band1_3": 130.53413048846278,
    "mag_dom_freq": 0.0,
    "mag_dom_power": 0.029241808096364695,
    "mag_spec_centroid": 0.019189880933930543,
    "mag_spec_entropy": 0.08338277035068475,
    "mag_band05_1": 206.13473307151565,
    "mag_band1_3": 43.65315717482319
  }
}