{
  "means": {
    "x_mean": 0.002080841993561535,
    "x_std": 0.6017396110598208,
    "x_var": 0.36523918277481443,
    "x_skew": -0.3366895114654679,
    "x_kurt": 1.6428977678323622,
    "x_p2p": 1.8197299498232637,
    "x_sma": 0.5458801587245988,
    "x_energy": 0.3682599666005488,
    "x_zcr": 0.007310918132561421,
    "y_mean": -8.903922964294482e-05,
    "y_std": 0.2656079324064922,
    "y_var": 0.07161962384380392,
    "y_skew": 0.31711994527227527,
    "y_kurt": 2.409205138340456,
    "y_p2p": 1.1104267895404991,
    "y_sma": 0.22387597328600448,
    "y_energy": 0.07208229498725766,
    "y_zcr": 0.01632895420470571,
    "z_mean": 5.268068400076791e-05,
    "z_std": 0.27924223349987726,
    "z_var": 0.07925469599866362,
    "z_skew": -0.3898262382758297,
    "z_kurt": 2.3924793038904664,
    "z_p2p": 1.1219174558470566,
    "z_sma": 0.23406124563920525,
    "z_energy": 0.07978920138245378,
    "z_zcr": 0.014770281303347439,
    "mag_mean": 0.681347809723247,
    "mag_std": 0.22557420870163317,
    "mag_var": 0.05230144406872263,
    "mag_skew": 0.15992048574186662,
    "mag_kurt": 2.405204054756892,
    "mag_p2p": 0.9334547778819805,
    "mag_sma": 0.681347809723247,
    "mag_energy": 0.5201314629702604,
    "mag_zcr": 0.0,
    "y_dom_freq": 0.7407407407407407,
    "y_dom_power": 0.4689008544837287,
    "y_spec_centroid": 0.861871999869981,
    "y_spec_entropy": 1.5572152279824976,
    "y_band05_1": 1225.6801580082456,
    "y_band1_3": 69.05579049054228,
    "mag_dom_freq": 0.0,
    "mag_dom_power": 0.753999465086632,
    "mag_spec_centroid": 0.09005027992552528,
    "mag_spec_entropy": 0.785424468195331,
    "mag_band05_1": 437.173065446272,
    "mag_band1_3": 69.91996616390041
  },
  "stds": {
    "x_mean": 0.054922253434581535,
    "x_std": 0.05611259445427393,
    "x_var": 0.06461756151434948,
    "x_skew": 0.18487149993289645,
    "x_kurt": 0.38026404004881,
    "x_p2p": 0.16562739801449447,
    "x_sma": 0.05773564740754017,
    "x_energy": 0.06267649872654582,
    "x_zcr": 0.0009570100911621481,
    "y_mean": 0.021509607515464636,
    "y_std": 0.032742175959337025,
    "y_var": 0.01791468627229296,
    "y_skew": 0.3054476635049137,
    "y_kurt": 0.5354432160500134,
    "y_p2p": 0.13895280893479175,
    "y_sma": 0.03207422509697222,
    "y_energy": 0.017821839283511987,
    "y_zcr": 0.0026273094367145933,
    "z_mean": 0.023119312458109047,
    "z_std": 0.03575571323108592,
    "z_var": 0.01936427244654091,
    "z_skew": 0.2715991378309132,
    "z_kurt": 0.5609808204667374,
    "z_p2p": 0.17212255609896673,
    "z_sma": 0.0315487918585354,
    "z_energy": 0.019320041865129416,
    "z_zcr": 0.0012375367030752662,
    "mag_mean": 0.059959828942982546,
    "mag_std": 0.03765262855837146,
    "mag_var": 0.019377424894489233,
    "mag_skew": 0.3132471032011831,
    "mag_kurt": 0.34141821769812236,
    "mag_p2p": 0.13221188971173428,
    "mag_sma": 0.059959828942982546,
    "mag_energy": 0.07063210371511777,
    "mag_zcr": 0.0,
    "y_dom_freq": 0.09132465189583666,
    "y_dom_power": 0.07389948256995517,
    "y_spec_centroid": 0.08706334696511032,
    "y_spec_entropy": 0.1961796101358958,
    "y_band05_1": 522.6534885630898,
    "y_band1_3": 48.19580642567156,
    "mag_dom_freq": 0.0,
    "mag_dom_power": 0.03109330465007569,
    "mag_spec_centroid": 0.019979880409510545,
    "mag_spec_entropy": 0.0898441924951387,
    "mag_band05_1": 213.5786598120416,
    "mag_band1_3": 34.02822268134841
  }
}