{
  "means": {
    "x_mean": -0.00123750740050108,
    "x_std": 0.6037379874372601,
    "x_var": 0.40153721198300546,
    "x_skew": -0.09564557887518957,
    "x_kurt": 1.8722170573978192,
    "x_p2p": 1.9659461562170866,
    "x_sma": 0.5385417290218605,
    "x_energy": 0.40299450336602227,
    "x_zcr": 0.008906702293475842,
    "y_mean": 0.0003318031461143623,
    "y_std": 0.3030386386406939,
    "y_var": 0.09907883196334186,
    "y_skew": -0.2772874625907338,
    "y_kurt": 2.2746441211933393,
    "y_p2p": 1.1491712535033298,
    "y_sma": 0.2577381101264658,
    "y_energy": 0.09948618627339777,
    "y_zcr": 0.015957841609144215,
    "z_mean": -0.000397110310108614,
    "z_std": 0.26921319336078464,
    "z_var": 0.07731137681653867,
    "z_skew": -0.5224422813910985,
    "z_kurt": 2.661653946044478,
    "z_p2p": 1.060364568868297,
    "z_sma": 0.22229414972684783,
    "z_energy": 0.0775960628609243,
    "z_zcr": 0.011133377866844802,
    "mag_mean": 0.6893598640647364,
    "mag_std": 0.24170633423154553,
    "mag_var": 0.06162244241014972,
    "mag_skew": 0.24533123901494924,
    "mag_kurt": 2.52359455946223,
    "mag_p2p": 0.9893680050169363,
    "mag_sma": 0.6893598640647364,
    "mag_energy": 0.5800767525003443,
    "mag_zcr": 0.0,
    "y_dom_freq": 0.6296296296296297,
    "y_dom_power": 0.45045735172125284,
    "y_spec_centroid": 0.7850429462481832,
    "y_spec_entropy": 1.624243871167378,
    "y_band05_1": 1001.0157563647668,
    "y_band1_3": 87.5085194397896,
    "mag_dom_freq": 0.0,
    "mag_dom_power": 0.7391155031165647,
    "mag_spec_centroid": 0.11274908871216215,
    "mag_spec_entropy": 0.8442195483158303,
    "mag_band05_1": 502.86656578213297,
    "mag_band1_3": 121.4897253437922
  },
  "stds": {
    "x_mean": 0.038154422528071136,
    "x_std": 0.1924516939603603,
    "x_var": 0.16590544847182206,
    "x_skew": 0.3697933099443764,
    "x_kurt": 0.7071446341143925,
    "x_p2p": 0.5837881329781721,
    "x_sma": 0.17980695789602855,
    "x_energy": 0.16672179517466593,
    "x_zcr": 0.001753286099757696,
    "y_mean": 0.020180292781031187,
    "y_std": 0.0851258800491175,
    "y_var": 0.03929210135078345,
    "y_skew": 0.3183405918766441,
    "y_kurt": 0.5880333824594447,
    "y_p2p": 0.2759209576861062,
    "y_sma": 0.0774798343174292,
    "y_energy": 0.03934579004556151,
    "y_zcr": 0.00578459668029354,
    "z_mean": 0.016867968098951174,
    "z_std": 0.06953871825844553,
    "z_var": 0.03339156022651231,
    "z_skew": 0.35426016906352137,
    "z_kurt": 0.9659654405338945,
    "z_p2p": 0.22946003918088037,
    "z_sma": 0.06446108985838689,
    "z_energy": 0.0336331314532981,
    "z_zcr": 0.0031014001953204454,
    "mag_mean": 0.20793577832312182,
    "mag_std": 0.056572876915516136,
    "mag_var": 0.022550642397887413,
    "mag_skew": 0.5182454313600791,
    "mag_kurt": 0.8969870734356945,
    "mag_p2p": 0.23817701190428778,
    "mag_sma": 0.20793577832312182,
    "mag_energy": 0.22295929854323546,
    "mag_zcr": 0.0,
    "y_dom_freq": 0.21570695968238573,
    "y_dom_power": 0.10689515065172223,
    "y_spec_centroid": 0.23891969387581644,
    "y_spec_entropy": 0.34368866389309344,
    "y_band05_1": 667.3018777280777,
    "y_band1_3": 78.79803426804834,
    "mag_dom_freq": 0.0,
    "mag_dom_power": 0.04169567669328144,
    "mag_spec_centroid": 0.05218428913171331,
    "mag_spec_entropy": 0.14985432465037862,
    "mag_band05_1": 262.41688244941633,
    "mag_band1_3": 74.65746067661763
  }
}