{
  "means": {
    "x_mean": 0.0005501674823041457,
    "x_std": 0.648388252368082,
    "x_var": 0.42845676957391715,
    "x_skew": -0.10205024442456584,
    "x_kurt": 1.533915604556951,
    "x_p2p": 1.9835817157030458,
    "x_sma": 0.5922253399607503,
    "x_energy": 0.4307871213273194,
    "x_zcr": 0.007784800369970711,
    "y_mean": -0.00031378530643644514,
    "y_std": 0.2540677032277983,
    "y_var": 0.06574195090450255,
    "y_skew": 0.41570158198535173,
    "y_kurt": 2.765985508242927,
    "y_p2p": 1.0797987678714536,
    "y_sma": 0.20641128599436803,
    "y_energy": 0.06600962391852364,
    "y_zcr": 0.017958994912902728,
    "z_mean": -0.0002846435549753341,
    "z_std": 0.2730915370590761,
    "z_var": 0.07636415066252016,
    "z_skew": -0.62274209496441,
    "z_kurt": 2.5424024210719955,
    "z_p2p": 1.055268524910154,
    "z_sma": 0.22727507009035838,
    "z_energy": 0.07666038991534513,
    "z_zcr": 0.012370895637428703,
    "mag_mean": 0.7169607430633748,
    "mag_std": 0.22712140209661416,
    "mag_var": 0.05238164005918739,
    "mag_skew": -0.010733390630672439,
    "mag_kurt": 2.4150245161140047,
    "mag_p2p": 0.9525620178810935,
    "mag_sma": 0.7169607430633748,
    "mag_energy": 0.5734571351611881,
    "mag_zcr": 0.0,
    "y_dom_freq": 0.703846153846154,
    "y_dom_power": 0.42047557304933325,
    "y_spec_centroid": 0.8396835727350305,
    "y_spec_entropy": 1.7201044549082711,
    "y_band05_1": 844.3928954145443,
    "y_band1_3": 64.53283859309842,
    "mag_dom_freq": 0.0,
    "mag_dom_power": 0.7640116656044385,
    "mag_spec_centroid": 0.08657667156009244,
    "mag_spec_entropy": 0.7545757663826802,
    "mag_band05_1": 579.1821150330542,
    "mag_band1_3": 75.28884894774869
  },
  "stds": {
    "x_mean": 0.04827058181898814,
    "x_std": 0.0897186923945155,
    "x_var": 0.10939322019646343,
    "x_skew": 0.2094747702927197,
    "x_kurt": 0.18827566341530733,
    "x_p2p": 0.2771337068650824,
    "x_sma": 0.08512914703659992,
    "x_energy": 0.10847574926073048,
    "x_zcr": 0.0011561584707877291,
    "y_mean": 0.01635770622069477,
    "y_std": 0.03451888006662411,
    "y_var": 0.018146805888247273,
    "y_skew": 0.3609366442192049,
    "y_kurt": 0.7766839198781481,
    "y_p2p": 0.12637788212975026,
    "y_sma": 0.03566369363150322,
    "y_energy": 0.018218479170753546,
    "y_zcr": 0.0031432015575926743,
    "z_mean": 0.017209248411002562,
    "z_std": 0.04225118991497709,
    "z_var": 0.023890010004522535,
    "z_skew": 0.29300354727401495,
    "z_kurt": 0.794377473568943,
    "z_p2p": 0.19218760150323796,
    "z_sma": 0.036088769188974225,
    "z_energy": 0.023959034543661765,
    "z_zcr": 0.0026863930812152685,
    "mag_mean": 0.08392132034241433,
    "mag_std": 0.028240197748165285,
    "mag_var": 0.013019242822907924,
    "mag_skew": 0.3420521400397388,
    "mag_kurt": 0.4162203667150452,
    "mag_p2p": 0.14422493576054282,
    "mag_sma": 0.08392132034241433,
    "mag_energy": 0.11963540769605706,
    "mag_zcr": 0.0,
    "y_dom_freq": 0.1592790710834512,
    "y_dom_power": 0.09241380551429741,
    "y_spec_centroid": 0.0829754289495231,
    "y_spec_entropy": 0.27409600723727784,
    "y_band05_1": 532.4846694715897,
    "y_band1_3": 31.15179498418824,
    "mag_dom_freq": 0.0,
    "mag_dom_power": 0.028851933032034722,
    "mag_spec_centroid": 0.01652727429668347,
    "mag_spec_entropy": 0.07012943737541867,
    "mag_band05_1": 252.15236106893454,
    "mag_band1_3": 49.25549254508542
  }
}