{
  "means": {
    "x_mean": -1.5915429185658305e-05,
    "x_std": 0.446907677470668,
    "x_var": 0.21460678712654888,
    "x_skew": -0.2871636127407989,
    "x_kurt": 2.057368184100683,
    "x_p2p": 1.4835698890745086,
    "x_sma": 0.39434375096326607,
    "x_energy": 0.21631915314551484,
    "x_zcr": 0.009639969594361137,
    "y_mean": 7.421652473701139e-05,
    "y_std": 0.16983172103578217,
    "y_var": 0.030733774418787035,
    "y_skew": 0.08125974144736123,
    "y_kurt": 2.3207325759406734,
    "y_p2p": 0.6697474199410367,
    "y_sma": 0.1421444703318036,
    "y_energy": 0.03091443889871397,
    "y_zcr": 0.016032064128256515,
    "z_mean": -0.0001115884274642214,
    "z_std": 0.17217229646884513,
    "z_var": 0.03128339123629177,
    "z_skew": -0.6208282470086744,
    "z_kurt": 2.6332670675536396,
    "z_p2p": 0.6593617105944457,
    "z_sma": 0.14287040111031998,
    "z_energy": 0.03147609711934013,
    "z_zcr": 0.014753645221477436,
    "mag_mean": 0.4751781877087298,
    "mag_std": 0.19151338469384266,
    "mag_var": 0.0380523464271676,
    "mag_skew": 0.15990124425830526,
    "mag_kurt": 2.269479600508283,
    "mag_p2p": 0.7572143720184414,
    "mag_sma": 0.4751781877087298,
    "mag_energy": 0.2787096891635689,
    "mag_zcr": 0.0,
    "y_dom_freq": 0.5103448275862068,
    "y_dom_power": 0.4061805920067508,
    "y_spec_centroid": 0.7365258951034781,
    "y_spec_entropy": 1.738874173522436,
    "y_band05_1": 243.77466614923105,
    "y_band1_3": 24.421927915349304,
    "mag_dom_freq": 0.0,
    "mag_dom_power": 0.7288120039508525,
    "mag_spec_centroid": 0.12782325595332047,
    "mag_spec_entropy": 0.8920370236509273,
    "mag_band05_1": 367.48618820780115,
    "mag_band1_3": 88.13116257810618
  },
  "stds": {
    "x_mean": 0.04138074148278442,
    "x_std": 0.12198489637788057,
    "x_var": 0.0807650844389956,
    "x_skew": 0.36282187276748756,
    "x_kurt": 1.0316501028086773,
    "x_p2p": 0.3343046254682632,
    "x_sma": 0.11729862377089015,
    "x_energy": 0.08185762626082219,
    "x_zcr": 0.0025364456018565342,
    "y_mean": 0.013440943859505887,
    "y_std": 0.04348518079543082,
    "y_var": 0.01418411851993331,
    "y_skew": 0.36316698812381787,
    "y_kurt": 0.7152098898355971,
    "y_p2p": 0.14948068759870317,
    "y_sma": 0.03948547064713868,
    "y_energy": 0.014213939641554808,
    "y_zcr": 0.004922882609624424,
    "z_mean": 0.013881405947209234,
    "z_std": 0.04049804396431834,
    "z_var": 0.012125179655767353,
    "z_skew": 0.4483095918868638,
    "z_kurt": 0.5433000455684905,
    "z_p2p": 0.13873494240692535,
    "z_sma": 0.03555815023378081,
    "z_energy": 0.012203154724869438,
    "z_zcr": 0.004918636914475278,
    "mag_mean": 0.12191403800321152,
    "mag_std": 0.037080586703500555,
    "mag_var": 0.011926843599381128,
    "mag_skew": 0.4903254608591087,
    "mag_kurt": 0.9875039380500217,
    "mag_p2p": 0.13712520381543677,
    "mag_sma": 0.12191403800321152,
    "mag_energy": 0.09576242376999973,
    "mag_zcr": 0.0,
    "y_dom_freq": 0.2808175596069287,
    "y_dom_power": 0.10052873856950872,
    "y_spec_centroid": 0.21677701668905894,
    "y_spec_entropy": 0.3019151690159606,
    "y_band05_1": 158.48644436243194,
    "y_band1_3": 13.576353479389095,
    "mag_dom_freq": 0.0,
    "mag_dom_power": 0.03107298108050503,
    "mag_spec_centroid": 0.02706202811174625,
    "mag_spec_entropy": 0.08969453019955348,
    "mag_band05_1": 163.85980919335495,
    "mag_band1_3": 43.86968945349108
  }
}