{
  "means": {
    "x_mean": 0.0015489289299771868,
    "x_std": 0.2809534920050485,
    "x_var": 0.08210688449889832,
    "x_skew": 0.7001224644631655,
    "x_kurt": 2.8773623675163873,
    "x_p2p": 1.143647525241239,
    "x_sma": 0.22556775989729666,
    "x_energy": 0.08286590081312017,
    "x_zcr": 0.016192384769539075,
    "y_mean": 0.0011924258321573335,
    "y_std": 0.25022126101439907,
    "y_var": 0.06467177998906239,
    "y_skew": 0.0040745176189509215,
    "y_kurt": 2.2436711160776124,
    "y_p2p": 0.9833402410491172,
    "y_sma": 0.21418380643119656,
    "y_energy": 0.06561605922300903,
    "y_zcr": 0.015711422845691384,
    "z_mean": -0.001906699353755095,
    "z_std": 0.2657735880142775,
    "z_var": 0.07210831927193467,
    "z_skew": -0.6533567862080731,
    "z_kurt": 2.409056639981451,
    "z_p2p": 0.9710122881489431,
    "z_sma": 0.22487731522474708,
    "z_energy": 0.07322242357767637,
    "z_zcr": 0.011302605210420839,
    "mag_mean": 0.44205815720845865,
    "mag_std": 0.14407847798075088,
    "mag_var": 0.021352494930663057,
    "mag_skew": 0.3818469101693512,
    "mag_kurt": 2.556269430531626,
    "mag_p2p": 0.6291766964477119,
    "mag_sma": 0.44205815720845865,
    "mag_energy": 0.2217043836138055,
    "mag_zcr": 0.0,
    "y_dom_freq": 0.4880000000000001,
    "y_dom_power": 0.41881882904331064,
    "y_spec_centroid": 0.7257327732133745,
    "y_spec_entropy": 1.5970581303799867,
    "y_band05_1": 636.3140525792297,
    "y_band1_3": 43.04715482855524,
    "mag_dom_freq": 0.0,
    "mag_dom_power": 0.7556624889119634,
    "mag_spec_centroid": 0.11109199933741803,
    "mag_spec_entropy": 0.8078317856727882,
    "mag_band05_1": 78.5388763719514,
    "mag_band1_3": 54.35701319981153
  },
  "stds": {
    "x_mean": 0.027506674342634003,
    "x_std": 0.05632068739874801,
    "x_var": 0.027322824376757197,
    "x_skew": 0.2678604978967023,
    "x_kurt": 0.6388330588384223,
    "x_p2p": 0.2056876805619409,
    "x_sma": 0.04756407647242822,
    "x_energy": 0.027529622112463605,
    "x_zcr": 0.0038410095553381776,
    "y_mean": 0.030705982390756476,
    "y_std": 0.04539934498895699,
    "y_var": 0.018783915565683016,
    "y_skew": 0.29725305653057227,
    "y_kurt": 0.7063550247507823,
    "y_p2p": 0.12753489143130278,
    "y_sma": 0.04438233673360021,
    "y_energy": 0.01899035590954055,
    "y_zcr": 0.005486152667661298,
    "z_mean": 0.033323697323617875,
    "z_std": 0.03837602358181158,
    "z_var": 0.019103880866644878,
    "z_skew": 0.26646115777611645,
    "z_kurt": 0.5623489816708244,
    "z_p2p": 0.11043243346327142,
    "z_sma": 0.03677376446766615,
    "z_energy": 0.019053647989680136,
    "z_zcr": 0.0027112680601663747,
    "mag_mean": 0.07026004788358886,
    "mag_std": 0.024369799207489082,
    "mag_var": 0.00643513270969652,
    "mag_skew": 0.25025069003333694,
    "mag_kurt": 0.3567458179618911,
    "mag_p2p": 0.1029001015155802,
    "mag_sma": 0.07026004788358886,
    "mag_energy": 0.05445338666250566,
    "mag_zcr": 0.0,
    "y_dom_freq": 0.11426285485668562,
    "y_dom_power": 0.07579118080835578,
    "y_spec_centroid": 0.20289595545569225,
    "y_spec_entropy": 0.2989523625114233,
    "y_band05_1": 261.27282387627355,
    "y_band1_3": 19.948245303594216,
    "mag_dom_freq": 0.0,
    "mag_dom_power": 0.021818932501963522,
    "mag_spec_centroid": 0.023138603019082965,
    "mag_spec_entropy": 0.08703027456113932,
    "mag_band05_1": 42.95710189341393,
    "mag_band1_3": 22.781648184544242
  }
}