{
  "means": {
    "x_mean": 0.00013707855086042808,
    "x_std": 0.3281721897626962,
    "x_var": 0.11229080750246416,
    "x_skew": -0.5234790961246111,
    "x_kurt": 2.5584641342554972,
    "x_p2p": 1.2724071967587647,
    "x_sma": 0.2700135309680362,
    "x_energy": 0.11260155377520754,
    "x_zcr": 0.010457278192749137,
    "y_mean": -0.0016024565854058607,
    "y_std": 0.24907573811609077,
    "y_var": 0.06418697361880704,
    "y_skew": 0.23162936540720477,
    "y_kurt": 1.9902982953570791,
    "y_p2p": 0.9094053558263726,
    "y_sma": 0.21620186194573696,
    "y_energy": 0.06448597765825914,
    "y_zcr": 0.010420841683366737,
    "z_mean": 0.0008401486272605673,
    "z_std": 0.2549212963747662,
    "z_var": 0.06784189658627973,
    "z_skew": -0.6910846178298072,
    "z_kurt": 2.6784918279086076,
    "z_p2p": 0.9478292495729832,
    "z_sma": 0.20986495820463624,
    "z_energy": 0.06800590561422537,
    "z_zcr": 0.01180542903989798,
    "mag_mean": 0.46345086252463175,
    "mag_std": 0.1498949078676782,
    "mag_var": 0.023131464377099058,
    "mag_skew": 0.33179077403753443,
    "mag_kurt": 2.4184666470662157,
    "mag_p2p": 0.6187894077244992,
    "mag_sma": 0.46345086252463175,
    "mag_energy": 0.24509343704769201,
    "mag_zcr": 0.0,
    "y_dom_freq": 0.3963636363636362,
    "y_dom_power": 0.5413264453931574,
    "y_spec_centroid": 0.5510933775139325,
    "y_spec_entropy": 1.4231376021315807,
    "y_band05_1": 328.028987351382,
    "y_band1_3": 24.02300667944012,
    "mag_dom_freq": 0.0,
    "mag_dom_power": 0.763534642278687,
    "mag_spec_centroid": 0.10138823826147271,
    "mag_spec_entropy": 0.7849135261087477,
    "mag_band05_1": 125.7777637802704,
    "mag_band1_3": 56.34869362418068
  },
  "stds": {
    "x_mean": 0.01762746386223147,
    "x_std": 0.06777773505230912,
    "x_var": 0.04201213702205059,
    "x_skew": 0.3072056405344758,
    "x_kurt": 0.7387212572644417,
    "x_p2p": 0.21052528404474263,
    "x_sma": 0.06272386966002855,
    "x_energy": 0.04198699710125043,
    "x_zcr": 0.0035375328591787125,
    "y_mean": 0.017217321869094075,
    "y_std": 0.046349221144822005,
    "y_var": 0.02057779399549761,
    "y_skew": 0.27460793373208037,
    "y_kurt": 0.3849029452253421,
    "y_p2p": 0.15481871744428413,
    "y_sma": 0.04464151700389783,
    "y_energy": 0.02069930591074759,
    "y_zcr": 0.004069486712112141,
    "z_mean": 0.012779013194678028,
    "z_std": 0.053451185589174124,
    "z_var": 0.024357544916397914,
    "z_skew": 0.3128790042766439,
    "z_kurt": 0.830166697040898,
    "z_p2p": 0.14723318155927426,
    "z_sma": 0.04897003883200998,
    "z_energy": 0.02442815288655673,
    "z_zcr": 0.00475269537637101,
    "mag_mean": 0.08470696958201199,
    "mag_std": 0.02574841689190471,
    "mag_var": 0.008344637491025078,
    "mag_skew": 0.3537804463723266,
    "mag_kurt": 0.6648151459271743,
    "mag_p2p": 0.10420896883373332,
    "mag_sma": 0.08470696958201199,
    "mag_energy": 0.06772672667405709,
    "mag_zcr": 0.0,
    "y_dom_freq": 0.02672170628490741,
    "y_dom_power": 0.0861144092467569,
    "y_spec_centroid": 0.1054115817561128,
    "y_spec_entropy": 0.24964974037623303,
    "y_band05_1": 192.92494967925376,
    "y_band1_3": 15.591252959712419,
    "mag_dom_freq": 0.0,
    "mag_dom_power": 0.033963327563345774,
    "mag_spec_centroid": 0.03167593728207656,
    "mag_spec_entropy": 0.09705072634652757,
    "mag_band05_1": 110.80725277485811,
    "mag_band1_3": 27.994829540654216
  }
}