{
  "means": {
    "x_mean": -0.001262861570170636,
    "x_std": 0.2969120067630494,
    "x_var": 0.09014664814654556,
    "x_skew": 0.4417762864193365,
    "x_kurt": 2.527902278998917,
    "x_p2p": 1.208541170009889,
    "x_sma": 0.2415979357923886,
    "x_energy": 0.0905075554670466,
    "x_zcr": 0.01686706746826987,
    "y_mean": -0.00021646381124125943,
    "y_std": 0.22316365374716204,
    "y_var": 0.05118399770941798,
    "y_skew": -0.07577518653526198,
    "y_kurt": 2.3623581593270147,
    "y_p2p": 0.9859192581002129,
    "y_sma": 0.18788233429045906,
    "y_energy": 0.051788768176450284,
    "y_zcr": 0.015531062124248497,
    "z_mean": -0.0004481961199393129,
    "z_std": 0.2509000124468012,
    "z_var": 0.06515467862065337,
    "z_skew": -0.7592564379825744,
    "z_kurt": 2.6900124628937925,
    "z_p2p": 0.9855550177808293,
    "z_sma": 0.20475254437085091,
    "z_energy": 0.06559710330875783,
    "z_zcr": 0.016950567802271208,
    "mag_mean": 0.4243166654320603,
    "mag_std": 0.16112975198195165,
    "mag_var": 0.02641513288237152,
    "mag_skew": 0.6412839147824235,
    "mag_kurt": 2.8846806639666194,
    "mag_p2p": 0.7243799827141796,
    "mag_sma": 0.4243166654320603,
    "mag_energy": 0.20789342695225468,
    "mag_zcr": 0.0,
    "y_dom_freq": 0.5166666666666667,
    "y_dom_power": 0.41833354465718453,
    "y_spec_centroid": 0.8098975965061364,
    "y_spec_entropy": 1.7137271946297392,
    "y_band05_1": 491.1856249021958,
    "y_band1_3": 50.13413349142885,
    "mag_dom_freq": 0.0,
    "mag_dom_power": 0.7395069054751181,
    "mag_spec_centroid": 0.15064942622266894,
    "mag_spec_entropy": 0.9053074510427912,
    "mag_band05_1": 110.68920678581942,
    "mag_band1_3": 70.95239050107212
  },
  "stds": {
    "x_mean": 0.018955540117750077,
    "x_std": 0.044608389194012235,
    "x_var": 0.02627525161147354,
    "x_skew": 0.2999155991289995,
    "x_kurt": 0.3672540125907613,
    "x_p2p": 0.17113341653691613,
    "x_sma": 0.037028342481777984,
    "x_energy": 0.026233693669327873,
    "x_zcr": 0.0032682675001304154,
    "y_mean": 0.024591128694119207,
    "y_std": 0.037175009826962306,
    "y_var": 0.01613656004475137,
    "y_skew": 0.263730415189749,
    "y_kurt": 0.3845302196671933,
    "y_p2p": 0.19416840669102234,
    "y_sma": 0.033367946663895275,
    "y_energy": 0.016412312558728447,
    "y_zcr": 0.0056162898199065584,
    "z_mean": 0.021029118106628376,
    "z_std": 0.04694531259719525,
    "z_var": 0.022132642577118132,
    "z_skew": 0.3007592469045731,
    "z_kurt": 0.496605492481122,
    "z_p2p": 0.17666324830829766,
    "z_sma": 0.036701463101868254,
    "z_energy": 0.022348861529015464,
    "z_zcr": 0.005456987995155146,
    "mag_mean": 0.03786372282938113,
    "mag_std": 0.021268190064184414,
    "mag_var": 0.007104282888279271,
    "mag_skew": 0.19254597296997003,
    "mag_kurt": 0.36430631547348197,
    "mag_p2p": 0.09739745037919016,
    "mag_sma": 0.03786372282938113,
    "mag_energy": 0.03236711659504521,
    "mag_zcr": 0.0,
    "y_dom_freq": 0.09860132971832695,
    "y_dom_power": 0.07110009879589616,
    "y_spec_centroid": 0.10892017316393007,
    "y_spec_entropy": 0.19807510434355616,
    "y_band05_1": 190.67288731435832,
    "y_band1_3": 26.837205476962275,
    "mag_dom_freq": 0.0,
    "mag_dom_power": 0.024276148400568378,
    "mag_spec_centroid": 0.039990814077754,
    "mag_spec_entropy": 0.10028179077421488,
    "mag_band05_1": 44.718008209529714,
    "mag_band1_3": 33.940395908644824
  }
}